{
  "do_you_want_to_become_a_famous_writer": {
    "story_better_than_a_movie": 0.029661016949152543,
    "story_workplace_stress_vacation": 0.028688524590163935,
    "story_the_marathon": 0.027131782945736434
  },
  "let_me_show_you_around_the_city": {
    "story_better_than_a_movie": 0.029661016949152543,
    "story_rainy_football_match": 0.025362318840579712,
    "story_road_trip": 0.022292993630573247
  },
  "we_need_to_handle_this_situation_carefully": {
    "story_unexpected_career_change": 0.027586206896551724,
    "story_unexpected_wedding_guests": 0.020833333333333332,
    "story_the_marathon": 0.01937984496124031
  },
  "stop_wasting_time_on_this": {
    "story_rainy_football_match": 0.018115942028985508,
    "story_a_fishing_trip": 0.017482517482517484,
    "story_team_spirit": 0.014705882352941176
  },
  "do_you_like_playing_the_guitar_at_night": {
    "story_better_than_a_movie": 0.038135593220338986,
    "story_workplace_stress_vacation": 0.028688524590163935,
    "story_team_spirit": 0.025735294117647058
  },
  "im_taking_a_vacation_next_month": {
    "story_workplace_stress_vacation": 0.028688524590163935,
    "story_unexpected_career_change": 0.027586206896551724,
    "story_sunset_wedding_blues": 0.02564102564102564
  },
  "dont_forget_to_wear_a_helmet_while_cycling": {
    "story_sunset_wedding_blues": 0.029914529914529916,
    "story_camping_trip_gone_awry": 0.02666666666666667,
    "story_team_spirit": 0.025735294117647058
  },
  "lets_cut_unnecessary_expenses_this_year": {
    "story_team_spirit": 0.01838235294117647,
    "story_sunset_wedding_blues": 0.017094017094017096,
    "story_better_than_a_movie": 0.01694915254237288
  },
  "were_producing_a_new_product_soon": {
    "story_better_than_a_movie": 0.025423728813559324,
    "story_team_spirit": 0.022058823529411766,
    "story_unexpected_wedding_guests": 0.020833333333333332
  },
  "did_you_remember_to_turn_off_the_stove": {
    "story_camping_trip_gone_awry": 0.03333333333333333,
    "story_workplace_stress_vacation": 0.03278688524590164,
    "story_the_birthday_party": 0.032679738562091505
  },
  "you_have_to_accept_the_consequences_of_your_actions": {
    "story_unexpected_wedding_guests": 0.029166666666666667,
    "story_the_marathon": 0.027131782945736434,
    "story_team_spirit": 0.025735294117647058
  },
  "i_just_cant_understand_this_complex_math_problem": {
    "story_team_spirit": 0.025735294117647058,
    "story_sunset_wedding_blues": 0.02564102564102564,
    "story_the_power_cut": 0.02258064516129032
  }
}